helix_number,start_res_number,end_res_number,start_res_code,end_res_code
1,6,31,THR,VAL
2,32,34,HIS,ARG
3,38,62,LEU,ASN
4,76,95,TYR,VAL
5,100,123,GLY,PHE
6,126,154,GLU,LYS
7,160,179,SER,VAL
8,179,188,VAL,GLY
9,195,211,SER,LYS
10,211,227,LYS,LYS
11,6,31,THR,VAL
12,32,34,HIS,ARG
13,38,62,LEU,ASN
14,76,95,TYR,VAL
15,100,123,GLY,PHE
16,126,154,GLU,LYS
17,160,179,SER,VAL
18,179,188,VAL,GLY
19,195,211,SER,LYS
20,211,227,LYS,LYS
21,6,31,THR,VAL
22,32,34,HIS,ARG
23,38,62,LEU,ASN
24,76,95,TYR,VAL
25,100,123,GLY,PHE
26,126,154,GLU,LYS
27,160,179,SER,VAL
28,179,188,VAL,GLY
29,195,211,SER,LYS
30,211,227,LYS,LYS
31,6,31,THR,VAL
32,32,34,HIS,ARG
33,38,62,LEU,ASN
34,76,95,TYR,VAL
35,100,123,GLY,PHE
36,126,154,GLU,LYS
37,160,179,SER,VAL
38,179,188,VAL,GLY
39,195,211,SER,LYS
40,211,227,LYS,LYS
