helix_number,start_res_number,end_res_number,start_res_code,end_res_code,chain_identifier,helix_class,length
AA1,6,12,LEU,PHE,A,1,7
AA2,26,45,GLY,ALA,A,1,20
AA3,49,60,SER,VAL,A,1,12
AA4,73,104,LEU,GLN,A,1,32
AA5,6,12,LEU,PHE,B,1,7
AA6,26,46,GLY,GLU,B,1,21
AA7,49,60,SER,VAL,B,1,12
AA8,73,104,LEU,GLN,B,1,32
AA9,6,11,LEU,PHE,C,1,6
AB1,13,19,GLY,TRP,C,1,7
AB2,23,25,SER,ARG,C,5,3
AB3,26,47,GLY,LYS,C,1,22
AB4,49,60,SER,VAL,C,1,12
AB5,73,104,LEU,GLN,C,1,32
AB6,6,11,LEU,PHE,D,1,6
AB7,26,47,GLY,LYS,D,1,22
AB8,49,60,SER,VAL,D,1,12
AB9,73,104,LEU,GLN,D,1,32
AC1,6,12,LEU,PHE,E,1,7
AC2,26,47,GLY,LYS,E,1,22
AC3,49,60,SER,VAL,E,1,12
AC4,73,104,LEU,GLN,E,1,32
AC5,105,106,ASN,ASN,E,5,2
AC6,5,5,THR,THR,F,5,1
AC7,6,12,LEU,PHE,F,1,7
AC8,23,25,SER,ARG,F,5,3
AC9,26,46,GLY,GLU,F,1,21
AD1,49,60,SER,VAL,F,1,12
AD2,73,104,LEU,GLN,F,1,32
